article_id,x,y
0,12.305785,-2.305081
1,13.530208,2.3268704
2,13.985859,2.6593418
3,14.025255,2.8320034
4,15.889723,1.3413937
5,15.090924,0.11504025
6,9.504908,-1.2126061
7,19.623379,0.4577565
8,13.108095,-2.3689625
9,14.948612,2.034812
10,13.758102,4.410665
11,13.990182,2.6164918
12,16.512413,1.0237105
13,12.721361,-1.8765496
14,19.69255,0.36447838
15,12.461096,-1.7660638
16,12.085072,-3.6941183
17,13.960343,2.8541818
18,11.773176,-1.3214289
19,14.44008,-0.20506535
20,12.089091,-3.6290069
21,10.861017,-1.8168613
22,11.293812,-1.310965
23,13.002867,-2.2739773
24,14.002516,2.8836641
25,15.878218,1.3071198
26,10.4325905,-1.4728589
27,16.08446,1.2383066
28,13.355147,-2.286821
29,12.333768,2.6150296
30,16.551376,1.0435407
31,12.240375,-1.7255318
32,16.670301,0.9724708
33,10.902906,-1.7569777
34,12.497951,-1.0170022
35,16.621851,1.0692601
36,12.246192,-1.809481
37,13.6587,4.179231
38,13.111261,-2.3893075
39,16.626808,1.1110438
40,12.528348,2.7150433
41,19.562965,0.47713682
42,11.696581,-1.3272412
43,12.5042715,-1.43693
44,-5.1427503,0.45208427
45,11.450468,-0.22260626
46,11.305537,-2.172259
47,11.339987,-2.250009
48,19.542858,0.49801156
49,16.617168,1.101843
50,13.121222,-2.3254855
51,12.088906,-3.6805506
52,12.887183,-1.3679917
53,14.019798,2.9125106
54,11.621878,-1.7648795
55,15.98678,1.2442616
56,12.144438,2.1143901
57,16.006844,1.2708523
58,12.881655,-1.4646047
59,16.616318,1.0034423
60,13.074132,-2.3743901
61,16.57588,1.0742503
62,13.738592,4.3426943
63,13.328368,-2.3399491
64,16.604883,1.0760596
65,12.038757,-1.2289575
66,16.627193,1.0580895
67,13.958664,2.6238773
68,11.928924,2.728522
69,12.2238245,-1.8291117
70,16.538065,1.0798082
71,12.256947,-1.8358455
72,10.766029,-1.9167448
73,11.213372,-2.1770837
74,12.92642,3.3211105
75,13.212456,-2.911424
76,16.328701,0.98084176
77,10.75222,-1.8475757
78,16.580978,1.042439
79,11.933751,-1.6665046
80,16.505684,1.0718127
81,10.032129,-1.3503735
82,16.52645,1.1217742
83,11.210332,-1.5319847
84,9.451908,-1.1963713
85,19.619194,0.47780055
86,13.522441,3.4289296
87,10.079681,-1.3063947
88,19.590166,0.47439483
89,10.58058,-1.3054171
90,19.61755,0.44804314
91,12.792085,-1.5038807
92,13.93461,2.7740297
93,16.267344,0.8988824
94,9.519902,-1.2409366
95,19.563229,0.49329174
96,13.270237,-2.3968143
97,10.19072,-1.1880183
98,13.241854,-2.3528101
99,12.479454,-1.4475707
100,10.533243,-1.853975
101,19.515451,0.34881312
102,11.485653,-0.21911487
103,15.955162,0.97711164
104,19.652012,0.3717514
105,16.275291,0.988713
106,13.947449,2.7608926
107,12.104088,-3.6728575
108,16.156813,0.95200354
109,10.32627,-1.0738652
110,12.301268,-1.4630839
111,10.09212,-0.28969517
112,13.675748,2.4537678
113,10.502543,-1.2914038
114,15.9100485,1.3547938
115,11.776922,-0.7534436
116,13.909276,2.7877953
117,15.827409,1.4297224
118,12.091248,-1.067574
119,13.905373,2.774679
120,16.08006,0.9255269
121,11.803538,-0.7905582
122,12.212039,-1.6021281
123,13.982863,2.7983
124,12.507638,-1.2000113
125,13.158506,-2.3474631
126,10.974184,-1.2709647
127,13.601858,4.1650453
128,13.338719,-2.434676
129,13.886637,2.6747267
130,11.603043,-0.29690966
131,13.37539,-2.4316053
132,1.6559055,8.441169
133,16.413082,0.93184173
134,13.990432,-0.274213
135,10.601173,-1.2840738
136,10.188127,-1.6006243
137,13.726173,2.7614298
138,13.721365,4.3242254
139,13.6426115,4.190161
140,10.767106,-1.9206105
141,10.832621,-1.785406
142,12.340925,-0.7963098
143,9.46568,-1.2140177
144,11.699324,-1.4065908
145,16.465637,0.97537786
146,16.705576,0.9359674
147,11.488847,-0.7187438
148,15.164029,1.3589629
149,10.994429,-1.9766226
150,12.874273,1.9714527
151,16.337055,0.91317064
152,11.58178,-1.9044992
153,16.702885,1.1148618
154,1.2281808,5.5909953
155,13.1884775,-2.3059678
156,12.0605955,-3.6042035
157,9.993737,-1.2766279
158,13.858269,2.6414986
159,11.103572,-2.0484874
160,16.600979,1.0864995
161,19.641874,0.4133146
162,13.321481,-2.38806
163,13.208696,-2.895941
164,11.008772,-1.355485
165,11.238009,-1.6242378
166,12.092411,-3.6508772
167,12.319928,-1.5949842
168,10.859786,-1.2441128
169,10.872111,-1.2095817
170,10.822521,-1.4254819
171,11.42672,-2.0270078
172,19.590189,0.47612363
173,13.509728,-0.41209614
174,10.612312,-1.4013427
175,11.199285,-1.5418506
176,13.772695,4.4283767
177,11.190259,-1.7244507
178,11.344358,-1.9244108
179,11.268037,-1.6095626
180,12.137662,-1.5147989
181,11.460735,-0.2869041
182,10.1003275,-1.622262
183,11.335815,-1.5751342
184,12.045932,-2.355955
185,13.829831,2.6238654
186,11.569252,-1.4596562
187,13.196677,-2.9084365
188,16.069206,1.0870321
189,10.381696,-1.6856048
190,11.110646,-1.9275959
191,11.889887,-2.267939
192,10.763864,-1.9206595
193,14.042844,2.862687
194,11.8424225,-2.2540252
195,12.999354,2.542108
196,16.509157,1.0039176
197,10.921562,-1.2215363
198,13.736467,2.5431576
199,13.055026,2.5695386
200,11.366838,-2.2134128
201,10.980075,-1.94824
202,10.696253,-1.7003033
203,13.139295,3.3257062
204,16.595901,1.03591
205,12.091068,-2.3016267
206,12.10589,-3.6574385
207,13.209269,3.3289006
208,12.512793,-1.2785803
209,16.011229,1.1057867
210,16.265942,0.9622668
211,10.448772,-1.3275609
212,12.099791,-3.6592426
213,12.285584,2.6985533
214,9.517785,-1.2866904
215,13.778021,2.849333
216,15.973976,1.1625448
217,11.829797,4.642687
218,13.120737,3.4549334
219,19.645931,0.4031639
220,13.908755,2.6428053
221,9.968585,-1.3823647
222,19.781057,0.2759511
223,10.719521,-1.2463835
224,13.758186,2.6051953
225,11.863305,2.4064083
226,13.845947,2.6366796
227,13.137399,-2.40408
228,11.7180805,-2.319221
229,10.878083,-0.30777696
230,12.577851,-1.2067391
231,12.673211,2.468695
232,11.803158,4.6541824
233,11.617059,2.5107312
234,13.183969,-2.8796334
235,11.215698,-2.2740245
236,15.150645,1.8520744
237,11.190761,-2.3908336
238,13.420421,2.381569
239,19.577074,0.48714468
240,11.212732,-2.3423822
241,19.663933,0.40782878
242,13.906474,2.7646313
243,13.198004,-2.9161577
244,19.670977,0.39278522
245,11.582437,2.560242
246,19.627605,0.43887752
247,16.534964,1.1314801
248,11.211364,-2.325017
249,10.096509,-1.4133819
250,11.657854,2.6048605
251,9.534361,-1.3236192
252,13.781933,2.544553
253,9.460221,-1.2070451
254,19.682821,0.38575202
255,10.267756,-1.4135818
256,11.240629,-1.4438208
257,13.761295,2.5418282
258,19.713198,0.53242487
259,13.919793,2.6902664
260,10.801819,-1.5636714
261,19.663574,0.4457791
262,11.092661,-0.8691446
263,13.337658,-2.4080963
264,13.864889,2.7398937
265,11.149526,-0.670322
266,11.66686,-1.9702103
267,12.580432,-1.9793549
268,13.268709,-2.684351
269,10.686721,-0.3532538
270,11.999158,-1.6982133
271,16.484266,0.9606234
272,11.496982,-2.1333613
273,13.74593,0.87508184
274,9.4556,-1.1899413
275,19.639328,0.4256578
276,11.1350765,-0.63314825
277,19.660948,0.4160876
278,12.163989,-1.4752839
279,12.145874,-0.77693546
280,13.885417,-0.25307548
281,11.530072,-2.0878227
282,19.633968,0.42245424
283,12.129882,-1.5659751
284,13.770172,2.5348299
285,11.195324,-0.92406654
286,13.707625,2.5293248
287,10.088386,-1.2736336
288,11.374969,-2.083368
289,12.414723,-1.6354047
290,19.590017,0.45182198
291,12.026522,-2.3525345
292,16.586649,1.1306138
293,12.099916,-1.2577246
294,16.552334,1.0980693
295,12.146651,-1.3863717
296,19.606962,0.48504946
297,19.62314,0.41899732
298,13.288389,-2.4884741
299,13.655925,2.4296007
300,13.841907,2.5955024
301,19.620558,0.4484047
302,11.115593,-0.85875094
303,13.2951145,-2.4187248
304,12.291524,-3.0162973
305,13.338226,-2.42118
306,11.17942,-2.3808663
307,13.8395,2.6402488
308,10.464776,-1.6985394
309,11.194174,-2.440862
310,10.9201145,-1.736009
311,14.016652,-0.28372705
312,2.5970268,8.58548
313,12.769672,1.9082323
314,19.532637,0.5523801
315,11.3054285,-1.1369257
316,11.734864,-0.80658114
317,19.616533,0.48242828
318,10.719464,-1.8605949
319,10.123568,-1.6078526
320,11.046623,-0.9709388
321,12.10486,-3.6653364
322,11.827398,-1.8574198
323,12.154125,-1.6271924
324,16.651281,1.0531731
325,12.472508,-1.4072449
326,11.466446,-1.7575785
327,13.223235,-2.3087308
328,19.683817,0.38951474
329,19.640104,0.42115417
330,10.936215,-1.6746124
331,12.070155,-3.6403198
332,19.606565,0.41862833
333,13.642435,2.9030797
334,12.598783,2.683882
335,19.592812,0.49529916
336,9.68532,-1.4474556
337,13.32748,-2.3783789
338,10.194289,-1.4499528
339,19.588877,0.469356
340,11.456568,-0.12286164
341,13.167169,-2.3890715
342,13.660539,2.490093
343,19.67113,0.45514238
344,19.599848,0.41785118
345,10.747094,-1.8801414
346,13.540969,3.446004
347,16.547094,1.108842
348,12.857543,-1.3876426
349,10.60579,-1.2597136
350,19.545528,0.508852
351,13.571302,3.3820794
352,19.635084,0.4268779
353,12.990919,0.6155209
354,13.960484,2.76884
355,11.241655,-1.6451229
356,19.68128,0.36853606
357,10.684474,-1.6446475
358,12.819023,3.1761022
359,10.3696375,-1.1954945
360,19.597366,0.39735717
361,12.095168,-3.636942
362,11.2853985,-2.181575
363,19.701435,0.3539765
364,10.076669,-1.673353
365,11.904462,-1.2793211
366,11.373635,-0.5211953
367,11.175333,-1.0810062
368,19.734978,0.3048139
369,16.294264,0.91697127
370,11.378962,-2.010778
371,19.65551,0.4035059
372,19.607048,0.4182435
373,13.797689,2.5317953
374,14.927119,0.37451836
375,12.837654,3.2718844
376,11.418917,-0.22394527
377,11.52596,-2.1929166
378,19.663376,0.40037212
379,12.123046,-3.6337373
380,15.084074,1.8636945
381,11.559902,-0.25093108
382,14.859908,2.090429
383,19.601381,0.42960954
384,16.56055,1.030861
385,10.78455,-1.7515728
386,12.55299,-1.4635547
387,14.715265,2.1469789
388,19.645527,0.46083936
389,13.491518,3.4768937
390,15.358636,1.5854992
391,15.381388,1.5935085
392,12.799079,2.9680347
393,19.602104,0.4605718
394,11.925924,-2.2999418
395,11.816686,4.552281
396,13.479942,3.151574
397,15.379891,1.5693798
398,10.909044,-1.3128008
399,10.887251,-1.7752551
400,14.291815,-0.3107818
401,11.827308,4.5732765
402,15.330906,1.4925495
403,11.22999,-2.3291874
404,10.007626,-1.7001556
405,12.108668,-3.687282
406,14.740795,2.2268581
407,11.731872,-1.9912872
408,11.128911,-0.81391865
409,13.020757,2.4490635
410,15.561139,1.5860237
411,15.658134,1.4087062
412,10.9056015,-1.9326177
413,12.29793,-2.8443322
414,11.059434,-2.0481675
415,15.18579,0.85320747
416,13.670242,2.600119
417,10.387224,-1.6853364
418,16.292048,0.9142655
419,14.750854,2.2472978
420,14.882785,0.3279837
421,13.109098,2.6063664
422,15.469051,1.1901172
423,10.069697,-1.6594975
424,15.372133,1.416383
425,13.50792,2.8324807
426,11.923295,-2.328349
427,10.048925,-0.15345752
428,10.56163,-1.1828194
429,11.807369,4.513428
430,12.100314,-3.6794567
431,15.504551,1.5983331
432,13.395655,2.8280053
433,15.526973,1.0839409
434,15.271103,1.063515
435,11.376282,0.6671083
436,11.262871,0.07695923
437,11.626824,-0.309485
438,10.710398,-1.9044822
439,11.706472,-0.79281485
440,15.342148,0.9978013
441,14.8212,2.1536384
442,11.783495,4.4886074
443,14.7457285,2.2209113
444,15.47208,1.5625836
445,15.529601,1.5271676
446,13.63494,3.2852252
447,11.790638,4.660018
448,13.611278,3.1395
449,10.074446,-1.6683971
450,11.99494,-2.3639092
451,13.126785,-2.1134832
452,13.414577,-2.3783052
453,10.281584,-0.97985214
454,13.490642,2.693086
455,11.757141,4.6458893
456,10.703647,-1.8578672
457,15.386027,1.4780538
458,13.470672,3.0136786
459,11.025084,-1.2453175
460,10.462111,-0.24485223
461,11.0018425,-1.1652237
462,15.202233,0.8715495
463,11.785207,4.6047177
464,10.083834,-0.0957723
465,12.04137,-2.3568606
466,12.784126,-1.2977389
467,13.548188,3.4566255
468,12.621391,-1.4325558
469,15.4248085,1.5220848
470,11.806435,4.5877857
471,11.030431,-1.9416096
472,10.874309,-1.4284376
473,15.358116,1.3099221
474,11.122802,-2.4419558
475,12.855849,-1.410726
476,14.998859,0.5056857
477,13.419817,3.0637476
478,14.810126,0.403329
479,15.047448,0.43106636
480,15.121621,0.69120723
481,14.9160595,2.0164897
482,14.910152,0.61964595
483,12.111854,-1.4387861
484,13.463769,3.079637
485,12.181428,-1.431853
486,11.797794,4.581595
487,15.2210455,1.4245347
488,14.75583,2.207719
489,15.299309,0.85653895
490,10.785968,-1.0248148
491,11.141444,-2.4547796
492,11.420746,-0.2127789
493,11.295178,0.53329057
494,13.554929,3.2837465
495,12.094864,-3.6543024
496,15.203933,1.079431
497,11.772352,4.6700487
498,13.5042305,3.0199506
499,12.195452,2.200605
500,15.273694,1.4576298
501,11.950878,-2.3455787
502,13.8661,0.7220793
503,13.377467,2.2983975
504,15.2083845,1.7499163
505,12.092541,-3.674939
506,15.195625,1.0986351
507,11.7543,4.626049
508,13.517595,2.9855444
509,12.197651,2.193603
510,15.237029,1.436843
511,11.949204,-2.3319128
512,13.85282,0.6786237
513,13.376451,2.3229852
514,15.299062,1.6722567
515,14.7238455,2.2400458
516,15.323891,1.2162794
517,11.7932825,4.631517
518,11.81445,-0.77452433
519,14.587909,-0.08351094
520,15.374433,1.3133403
521,12.008418,0.30266318
522,10.204753,0.034618434
523,13.273998,-2.7013466
524,15.199549,1.3835865
525,13.53461,3.071947
526,15.4565735,1.5589526
527,13.49437,3.2415528
528,15.281488,1.3522365
529,14.635363,2.3467634
530,11.189554,-0.8538882
531,10.871197,-0.44485754
532,11.853516,4.728209
533,13.601678,2.734486
534,12.76291,3.2037132
535,13.560161,3.4102113
536,10.06591,-1.6710005
537,15.28444,1.5670216
538,15.770084,1.4727204
539,13.440953,3.2765431
540,11.221184,-0.15035474
541,15.240035,1.4845848
542,13.449742,-2.3447049
543,13.178008,2.6053374
544,13.448491,-2.3195639
545,13.142421,1.9415213
546,13.54182,3.397136
547,15.761231,1.3683294
548,10.986699,-1.9007608
549,11.478375,0.70397455
550,12.172751,0.14654934
551,10.966995,-0.85494155
552,12.166779,2.1667142
553,13.596039,2.6079416
554,15.417997,1.4263505
555,13.547076,3.413056
556,10.516081,-0.87969446
557,14.847158,2.1261
558,11.830839,4.705279
559,14.035274,-0.37478235
560,10.9205,-1.738117
561,12.295951,-0.7886864
562,15.348254,1.2296184
563,12.9819565,2.6044579
564,11.925616,2.8526976
565,15.25188,1.2542413
566,13.554739,2.4160635
567,11.058012,-0.93494636
568,11.054605,-2.0537357
569,11.919889,-0.88495195
570,15.109066,0.6571165
571,12.648499,2.731741
572,14.581917,2.384225
573,13.495262,3.0838907
574,12.194309,2.1788132
575,15.361281,1.4194803
576,10.6249075,-0.1298532
577,10.787528,-2.0361276
578,12.413386,1.8505336
579,14.47193,-0.21807119
580,11.720615,2.4383132
581,15.389269,1.658868
582,12.387652,2.091925
583,11.904926,4.654065
584,12.39454,-1.2278692
585,11.631015,2.5024512
586,9.657218,-1.441684
587,10.825471,-0.11721543
588,13.462032,-2.341963
589,13.5571165,3.450879
590,11.510232,-1.3833357
591,11.799874,4.6515045
592,11.618975,2.5167558
593,12.025239,2.3000576
594,15.009825,0.84839606
595,12.269807,2.275099
596,11.331805,-1.3195348
597,15.315027,1.1915271
598,11.3250675,-1.3234512
599,11.804969,4.638791
600,15.264835,0.9691705
601,0.843856,6.542903
602,15.304408,1.2608714
603,12.169015,-1.8086106
604,10.9911175,-0.83151025
605,10.15082,-1.6531143
606,10.763916,-0.49999318
607,10.806079,-0.39342403
608,11.0170765,-2.4598773
609,11.794612,4.5885005
610,11.10403,-0.6219997
611,12.845589,2.0973434
612,14.433346,-0.2316274
613,10.9770155,-0.80254096
614,11.849973,4.6902595
615,10.896701,-0.6420437
616,10.961691,0.4145689
617,11.774927,-1.2528652
618,15.595639,1.3801535
619,12.523275,3.156391
620,10.808215,-1.8665284
621,11.812313,4.5617237
622,12.946698,2.7418444
623,15.623147,1.4589947
624,14.787874,0.3532132
625,10.741088,-1.8639214
626,15.626893,1.467712
627,11.43395,0.7191945
628,12.935113,1.9820033
629,12.454935,4.098631
630,11.9521475,4.0185328
631,11.79096,4.6891756
632,12.5176115,2.1171806
633,12.186049,0.111491844
634,12.2883215,2.4732163
635,13.803255,0.46402118
636,10.585598,0.008451122
637,13.24827,3.2117262
638,15.185445,1.0670877
639,12.262786,2.2335055
640,11.65273,-0.93996364
641,9.601713,-1.222341
642,11.8172455,4.624738
643,15.254416,1.3324126
644,10.655943,0.07280839
645,15.312686,1.2975199
646,14.217494,-0.32623255
647,10.850152,0.34840384
648,11.992321,4.1643705
649,13.529961,3.21197
650,11.306166,0.64941657
651,11.86811,4.6692414
652,12.295151,-0.2976229
653,13.521775,3.3550208
654,15.206064,1.194476
655,11.435854,0.7410468
656,10.420254,-1.0620733
657,13.948247,0.4010725
658,13.59416,3.382149
659,13.891,-0.2696409
660,12.583474,3.2015584
661,12.502639,3.080512
662,9.700032,1.6313803
663,10.435436,-0.14671604
664,10.35661,-1.187867
665,15.109451,0.99535435
666,14.991713,1.099373
667,10.763956,0.1909071
668,15.348367,1.2095385
669,11.037535,-1.9085894
670,10.454229,-1.6752398
671,14.879553,0.3816679
672,11.826411,4.65289
673,12.205122,-0.79432875
674,15.759638,1.4716415
675,11.144924,-0.8461787
676,11.661494,2.4784346
677,15.724959,1.6384078
678,10.248172,0.030853277
679,15.799534,1.6165928
680,10.770431,-0.4092333
681,15.747115,1.4392896
682,11.427574,-0.21758825
683,11.073592,-2.2332764
684,11.0901,-1.1356052
685,13.2263565,2.0797603
686,11.412805,0.6963336
687,13.449408,-2.328058
688,12.915646,2.5642028
689,15.542161,1.4004931
690,12.107706,-1.3866804
691,11.282853,-0.5697253
692,11.8115635,4.6458745
693,10.913301,-0.97448164
694,15.063792,0.45711556
695,12.307426,-1.2783267
696,11.1449995,-1.5873129
697,10.999995,-1.2256935
698,11.307324,-1.8977557
699,10.663253,-0.21137753
700,11.69011,-1.204303
701,12.964673,0.5775009
702,10.961517,-1.0530934
703,14.399199,-0.25817806
704,14.374283,-0.27529794
705,13.589558,3.4679322
706,11.316573,-1.6056626
707,12.965527,1.9731414
708,13.652804,3.4555097
709,10.565522,-0.0036195077
710,12.979723,2.6332371
711,15.634125,1.5706123
712,15.470669,1.5162693
713,13.733117,-0.4109609
714,10.05229,-0.14578645
715,10.972313,0.410118
716,15.774205,1.4436774
717,11.615858,-1.0546504
718,9.683084,-1.2056876
719,12.735167,3.1477287
720,10.624431,-1.5915858
721,13.686382,0.5688504
722,10.123937,-1.0116265
723,10.513883,-0.95861965
724,9.659776,-1.1892319
725,10.837993,-1.2558933
726,9.682354,-1.1358371
727,11.412501,-0.18952698
728,16.558477,1.1413301
729,12.109246,-1.3071508
730,10.746186,-0.27561694
731,10.979688,-0.7491529
732,13.496411,4.006536
733,10.30286,0.0600414
734,11.488527,-0.29615963
735,12.971145,2.7794757
736,12.806908,2.753998
737,11.364226,-1.219365
738,10.510732,-1.5346284
739,10.636874,-1.6899624
740,12.581473,3.0976858
741,11.987029,-1.2789963
742,12.626648,3.120128
743,12.693356,3.017178
744,13.753085,2.8048975
745,9.72968,-1.0621358
746,12.962067,3.3914075
747,12.293419,0.22791438
748,12.659915,-1.2492359
749,12.589996,2.9095206
750,12.664978,3.2188127
751,11.201917,-0.34388095
752,14.016936,4.9674954
753,10.152558,-1.6940514
754,11.405968,-1.3745954
755,13.382591,3.7858953
756,13.42941,-2.3594413
757,12.66803,3.1502306
758,12.639782,3.2550607
759,11.396228,-1.3506454
760,10.699615,-0.32262805
761,11.7130575,-1.3082922
762,11.315544,0.10574748
763,14.003357,4.9686036
764,12.635504,3.0943367
765,13.441905,-2.313529
766,11.821799,2.6999967
767,11.955046,4.2467165
768,11.688526,-0.3468575
769,11.083646,-2.4933407
770,11.355663,-0.28731263
771,13.200382,2.1209793
772,10.849496,-0.76727504
773,12.33726,2.398587
774,11.777035,4.4948444
775,12.631747,3.2909641
776,11.988506,-1.0080565
777,12.733468,3.294691
778,12.738505,2.9904447
779,13.352053,4.087416
780,12.012198,4.169549
781,12.2326765,2.1322308
782,12.836536,1.9899029
783,12.506774,3.198572
784,13.945208,2.5724542
785,11.924596,3.2047698
786,12.827999,1.9712383
787,9.635884,-1.1906654
788,11.869743,4.7063866
789,14.039268,5.004697
790,10.329905,0.013234186
791,12.79782,-0.3008852
792,11.79948,4.493487
793,12.6780815,-1.1578388
794,10.109753,-0.08073088
795,10.349073,-1.7351636
796,13.613807,3.180309
797,10.832545,-0.28301314
798,13.024809,0.63790715
799,10.946296,-2.2565153
800,12.843357,2.0764098
801,13.489015,4.106746
802,11.204666,0.65894246
803,12.024697,4.1761675
804,11.648398,2.4885657
805,10.500536,-0.83257824
806,11.800378,4.659167
807,10.382758,-0.08060829
808,10.491282,-0.18415394
809,13.942644,2.6260433
810,12.942242,2.3894641
811,12.648526,3.3051708
812,13.015436,2.3411946
813,15.374079,1.536198
814,14.0439625,4.996914
815,12.712065,3.1432676
816,13.812149,0.19559155
817,10.816142,-0.93256485
818,12.315781,-3.004337
819,10.901617,-1.7915878
820,11.073946,-1.3685741
821,13.547389,0.28999105
822,11.892038,2.654331
823,11.967166,-2.3688495
824,13.275519,-2.2136333
825,9.917293,-1.3169665
826,9.713868,-1.4449506
827,10.611955,-0.3613376
828,10.2815895,0.10110165
829,14.041627,5.010874
830,10.911092,-2.5619926
831,12.992693,0.6168703
832,12.334269,-3.076732
833,10.857645,-1.9386061
834,9.694674,1.6396235
835,11.50786,-1.3461398
836,13.517647,4.0313168
837,9.734564,-1.4707303
838,10.60877,-0.37753168
839,10.246363,0.08787082
840,14.036723,5.005026
841,10.896795,-2.5788121
842,12.975425,0.5979943
843,12.3304205,-3.0725634
844,10.913628,-1.9189814
845,9.694891,1.639184
846,11.448921,-1.3221622
847,13.513763,4.044462
848,11.8920765,3.1356208
849,15.259695,1.2331082
850,12.509647,3.243665
851,12.084716,-0.5000922
852,14.030695,4.982562
853,13.730546,0.5537547
854,13.298263,-2.8755083
855,14.057226,5.0314336
856,11.575854,2.5756962
857,13.802742,0.42250526
858,0.2760025,4.3124847
859,11.104205,-2.404633
860,14.852221,0.002700417
861,13.276257,-2.8845587
862,11.84316,-0.38944694
863,11.317406,0.5477597
864,14.080101,5.059549
865,9.567044,-1.2329068
866,14.893306,0.33027306
867,12.540636,3.157772
868,13.543355,4.062935
869,10.365573,0.39062074
870,15.030588,0.5129103
871,9.7193575,-1.4598943
872,10.5995455,-0.36929667
873,10.261416,0.106003635
874,14.055294,5.0249124
875,10.902709,-2.579391
876,12.981525,0.6106036
877,12.336581,-3.0639997
878,10.943607,-1.9223818
879,9.723151,1.611069
880,11.46273,-1.3178278
881,13.534113,4.0246744
882,11.896635,3.134943
883,15.27541,1.22563
884,12.541671,3.240143
885,12.068333,-0.5053841
886,14.037003,4.988237
887,13.737282,0.56663764
888,13.297421,-2.8902907
889,14.071191,5.0482893
890,11.527285,2.630718
891,13.804642,0.45209423
892,0.28667912,4.33262
893,9.689184,-1.4932812
894,10.603885,-0.36128703
895,10.240337,0.061929103
896,14.052744,5.0217934
897,10.884104,-2.5807908
898,13.010989,0.63553303
899,12.335523,-3.04282
900,10.874772,-1.9567753
901,9.693037,1.6406418
902,11.476587,-1.3184916
903,13.521986,4.0370116
904,11.883953,3.1199424
905,9.727939,-1.4578773
906,10.609609,-0.3512495
907,10.244975,0.06466603
908,14.0711775,5.0400467
909,10.893331,-2.5838075
910,13.029577,0.61411774
911,12.335646,-3.0800292
912,10.910615,-1.9101651
913,9.696161,1.6374315
914,11.440488,-1.3886427
915,13.536329,4.0446005
916,11.879038,3.147838
917,15.3015995,1.292407
918,12.533346,3.238432
919,12.05819,-0.4797643
920,14.019899,4.9719424
921,13.720502,0.5635927
922,13.299931,-2.8954833
923,14.07244,5.047015
924,11.583148,2.5875485
925,13.807011,0.436981
926,0.29038095,4.339247
927,11.071454,-2.4324765
928,14.838804,-0.013400183
929,13.269468,-2.9074454
930,11.821461,-0.39790007
931,11.333659,0.5716895
932,14.085819,5.0670176
933,9.619718,-1.2087958
934,14.917137,0.3291644
935,12.522458,3.1332211
936,13.525077,4.073427
937,10.379155,0.36868206
938,14.979586,0.44129747
939,13.410928,-2.3390841
940,14.245477,0.46190482
941,10.737988,-0.22313948
942,10.71274,0.086888455
943,12.6247015,3.1512582
944,9.588047,-1.2349938
945,13.509636,3.5840907
946,11.879372,4.4874406
947,12.514041,-1.1783735
948,12.948881,0.77750045
949,12.103915,-1.1848819
950,12.132605,-1.1733123
951,11.388214,-0.19216192
952,10.671841,-0.31568012
953,11.11901,-0.89695746
954,13.648213,3.0485303
955,-2.2256396,1.7926223
956,13.103331,3.4647522
957,11.512491,-0.9720508
958,11.886043,4.701228
959,12.9148655,1.9522902
960,14.04564,5.0174456
961,11.358893,-1.5009
962,15.338522,1.5230252
963,12.2753525,-1.327581
964,10.705978,0.15802015
965,9.693607,1.6402308
966,11.428456,0.75731003
967,15.135399,1.3892993
968,10.277007,-1.7001308
969,12.140523,0.31501594
970,11.159979,-1.4102811
971,10.048877,-1.7269952
972,10.493729,-1.6011859
973,14.85086,0.27994394
974,12.117031,-0.7999745
975,14.44723,0.51209164
976,12.978771,2.1206467
977,13.546913,-0.2976149
978,14.890194,0.4998811
979,14.345006,-0.28738624
980,12.561159,1.6854492
981,13.535819,3.4193757
982,15.335903,1.4441615
983,13.611949,-0.012338946
984,11.032833,-2.2566435
985,12.001032,-2.3221362
986,10.161,-1.6938864
987,12.450015,-0.94082534
988,15.374089,0.9753408
989,13.319041,3.4448397
990,15.388893,1.522767
991,12.451162,2.6756766
992,12.463275,2.5245378
993,15.043212,0.7869745
994,13.496721,3.4273584
995,11.390674,-1.5599992
996,10.452158,0.016150791
997,12.050243,-0.8603221
998,12.140269,-0.09106714
999,19.488272,0.5373417
1000,11.397284,-0.88560563
1001,9.99317,-1.3247966
1002,11.322212,-0.06348385
1003,13.59292,3.8659315
1004,11.305003,0.056992736
1005,11.25837,0.15138954
1006,11.286867,0.04891022
1007,12.8287945,2.0397687
1008,12.179231,-3.0403342
1009,11.704898,-1.2543449
1010,13.184682,-0.5144924
1011,11.2868595,-0.039666712
1012,12.984853,0.60284394
1013,11.325767,0.015796918
1014,9.645417,-1.2503418
1015,9.602771,-1.2898457
1016,14.87994,0.33175594
1017,10.956589,-1.4229126
1018,11.320752,-0.011134835
1019,15.227147,0.7130149
1020,13.498968,-2.298645
1021,-3.3990822,2.3955047
1022,-5.128157,0.4573365
1023,-5.345139,0.27463397
1024,-3.930455,2.6924784
1025,-6.531056,0.23386091
1026,-6.542475,0.19748566
1027,-5.0235195,0.6397572
1028,-6.4411426,0.22713916
1029,-4.980137,0.6364099
1030,-3.7673774,2.7869616
1031,-5.5086207,2.0060039
1032,-6.4920964,0.20380846
1033,-3.4980235,2.67036
1034,-6.4724426,0.19690615
1035,-4.74341,1.0820442
1036,-2.1791453,2.5585995
1037,-4.794263,1.4048514
1038,-4.7135634,0.033072606
1039,-6.498924,0.25536117
1040,-6.5084577,0.246095
1041,-6.434459,0.18633126
1042,-2.8723269,2.6460097
1043,-4.7990737,0.09238076
1044,-6.4759417,0.18884176
1045,-2.9274895,2.7082357
1046,3.4676101,8.846653
1047,3.193341,10.361073
1048,-4.9393716,0.14734623
1049,-3.771328,2.801901
1050,-3.7828498,2.1205485
1051,3.479378,8.885231
1052,-3.5532506,2.9086952
1053,-2.3981285,1.8346355
1054,3.4866638,8.85314
1055,-0.46189338,6.954383
1056,-2.1904724,1.0100237
1057,-0.06560346,6.63665
1058,-0.43626058,6.917595
1059,-4.661059,1.1910976
1060,-2.6195457,1.5034052
1061,-5.549956,0.9700379
1062,-5.2214775,0.085645944
1063,-5.3714476,0.20635651
1064,0.0026414099,6.5742817
1065,-2.0768046,1.8325305
1066,-4.898928,0.2713533
1067,2.826931,9.864797
1068,-2.0299454,1.6671554
1069,-6.3593097,0.2876914
1070,-5.0409293,0.19751234
1071,-6.521517,0.2354059
1072,-6.5410857,0.21903265
1073,-6.5680494,0.19602467
1074,-4.8750877,0.41281372
1075,-4.9370704,-0.37609646
1076,-6.4417133,0.33958423
1077,-6.429544,0.26778927
1078,-6.540134,0.21528873
1079,-4.8853297,0.33421597
1080,-3.376969,0.24269356
1081,-4.89144,0.34353462
1082,-4.973961,-0.49700594
1083,-4.1559744,-0.1596134
1084,-0.5042982,6.828943
1085,0.033699922,6.613479
1086,0.76089,4.7380214
1087,-5.062714,0.3946752
1088,-0.32976452,6.8898244
1089,3.4881613,8.8420315
1090,-0.1077252,6.7567124
1091,-3.5248535,-0.08468615
1092,-2.854974,0.6763757
1093,-3.6197238,-0.16952328
1094,-3.1980824,0.03330266
1095,-4.8431935,0.29014155
1096,-4.8559227,0.27170882
1097,-2.7765176,0.7087526
1098,-4.4384527,-0.04310199
1099,-0.080461994,6.6282563
1100,-6.505463,0.18780789
1101,-6.5578055,0.21080938
1102,-6.470888,0.27695617
1103,-3.7321095,0.08518555
1104,-3.541337,2.4280887
1105,-4.6306076,-0.11408968
1106,-0.06298604,6.639818
1107,-4.9001055,0.32267424
1108,-4.8809104,0.22315456
1109,-6.516631,0.22724253
1110,-6.5320783,0.19709703
1111,-5.0078216,1.1029681
1112,-6.4139647,0.28630492
1113,-2.9436588,0.5798674
1114,-0.108716704,6.6031194
1115,-6.576294,0.20429638
1116,-6.597966,0.16522518
1117,-0.31772375,6.5760417
1118,-0.2968946,6.7851214
1119,-0.4249745,6.6471224
1120,-6.515746,0.21371207
1121,-6.5593514,0.20061147
1122,-4.623591,-0.086479366
1123,-4.504608,-0.12658069
1124,-2.8822453,2.6233437
1125,0.05241015,6.6479154
1126,-0.54770565,6.9701924
1127,0.08598731,6.6561365
1128,-3.8180978,2.7343545
1129,-0.009192849,6.6317625
1130,-0.5479233,6.9505076
1131,0.054559663,6.6755857
1132,-4.7605467,-0.018057106
1133,-0.5354972,6.7063413
1134,-6.319083,0.21382423
1135,-4.9044595,0.39985785
1136,-4.385201,-0.15863435
1137,-0.02393022,6.7217913
1138,-2.947287,0.39765376
1139,-5.0405684,0.24897055
1140,-5.624801,1.0327092
1141,0.010579567,6.765621
1142,3.5378456,8.893567
1143,-4.892324,0.31050223
1144,-5.0206885,-0.47848538
1145,-3.7214773,2.8683822
1146,-0.4828976,6.824271
1147,-6.2194424,0.18253715
1148,-5.2619314,-0.03974391
1149,-2.9909408,0.29038393
1150,-4.3563304,0.45238525
1151,3.1646802,10.30877
1152,-2.007778,1.3638096
1153,-3.186993,0.3045119
1154,-5.2183223,-0.33339798
1155,-1.3813531,1.0048091
1156,-2.1077337,1.4975685
1157,-3.7455938,1.8733321
1158,-1.7412616,1.1320225
1159,-4.007858,2.178303
1160,-1.7304856,1.0923189
1161,-1.4978062,0.85633403
1162,-1.5651983,0.8048445
1163,-5.2145123,-0.31276911
1164,-1.4569227,0.7427192
1165,-1.1475384,0.5024622
1166,-5.014863,0.4116179
1167,-5.2087927,-0.30719817
1168,-5.1567025,-0.27414283
1169,-4.9446826,-0.35852766
1170,-1.5602046,0.68761575
1171,-1.1913888,0.551352
1172,-2.4866738,0.8584386
1173,-1.4642072,0.97221226
1174,0.23733136,5.614707
1175,-1.4575729,0.9821073
1176,-1.4632703,0.9567007
1177,-3.811238,2.4582043
1178,-1.5785743,0.8439183
1179,-2.683066,0.7357205
1180,-3.2065573,0.50157124
1181,-4.9367943,0.0028728188
1182,-5.328059,-0.23325337
1183,-1.1606886,0.4910237
1184,-3.3919787,0.42661825
1185,-3.2011814,0.36910328
1186,-6.4037514,0.17436942
1187,-1.9523443,1.549144
1188,-6.326614,0.17904322
1189,2.9303114,10.065129
1190,-1.2056748,0.55953854
1191,-1.4640999,0.7176294
1192,-5.5446105,1.1583815
1193,-1.5384599,0.79645896
1194,-2.818859,1.3069181
1195,-2.7216642,2.5362034
1196,-5.120355,1.4388723
1197,-6.195269,0.41743597
1198,-1.2414807,0.61766267
1199,-1.1619036,0.5488063
1200,-1.5266278,0.721784
1201,-2.8502614,1.0883371
1202,-1.5243325,0.7925603
1203,-1.6313123,0.73434126
1204,-5.326164,-0.07523267
1205,-1.4551337,0.7037631
1206,-4.015788,0.7510343
1207,-1.478398,0.7131799
1208,-1.5441085,0.7566722
1209,-4.1544056,0.71814805
1210,-2.62983,0.75803465
1211,-1.4226571,0.8246926
1212,-1.3761557,0.8795008
1213,-5.2997665,1.4810977
1214,-5.2813244,-0.34227616
1215,-1.8003602,0.7081637
1216,-5.0547056,1.5507814
1217,-1.2577212,0.5729986
1218,-5.5905786,1.1393752
1219,-1.4603688,0.68167824
1220,-1.640696,0.8986676
1221,-1.2985871,0.6073817
1222,-1.3039589,0.6615605
1223,-5.2638187,-0.31221208
1224,-1.2589551,0.6268847
1225,3.4917893,8.870127
1226,-1.6291372,0.73751026
1227,-1.3503219,0.6371165
1228,-1.2214749,0.5654543
1229,-1.3411931,0.5497742
1230,-1.4495319,0.9175742
1231,-3.2605848,0.3288556
1232,0.12962338,6.6634555
1233,-6.5477777,0.1624102
1234,-1.6393119,0.8096397
1235,-3.2165294,0.34489125
1236,-5.2471013,-0.36594504
1237,-1.592419,0.6921177
1238,-4.0902724,0.66069454
1239,-5.206897,-0.30865097
1240,-5.207861,-0.26743385
1241,-5.2032013,1.4146599
1242,-1.3131009,0.5836358
1243,-1.269081,0.56528896
1244,-1.4221787,0.6840771
1245,-2.8036766,1.0925865
1246,-5.201919,0.509184
1247,-3.4851198,2.6138768
1248,-1.5402889,0.57849616
1249,-1.5791943,0.9403673
1250,-1.4748734,0.95018435
1251,-2.004468,2.8053935
1252,-2.090363,1.6106378
1253,-1.4732461,0.9872124
1254,-2.287857,2.8468182
1255,-1.5752718,1.0037067
1256,0.22122413,6.5940127
1257,-1.1467642,0.4609535
1258,-3.9555564,0.77696526
1259,-4.0750475,2.6576917
1260,-1.4851662,0.69916433
1261,-1.4719514,1.0130728
1262,-1.2140627,0.5422228
1263,-6.437613,0.27452084
1264,-1.5520175,0.7694606
1265,-4.146856,0.65398014
1266,3.507467,8.874422
1267,-1.4499367,1.006352
1268,-1.5137142,1.0432101
1269,-5.3389854,-0.19600537
1270,-1.2353283,0.49181157
1271,-1.6160078,0.7971397
1272,-1.5684518,0.92015976
1273,-0.10053289,6.770383
1274,-6.2568173,0.27184796
1275,-6.4414883,0.27286294
1276,-5.28749,-0.33883977
1277,-1.4594116,0.9158693
1278,-2.0355768,1.6760551
1279,-5.3007083,-0.40494588
1280,-1.5289123,0.76311845
1281,-1.1715811,0.5325149
1282,-1.2330275,0.67217946
1283,-5.29281,-0.34734255
1284,-2.552901,2.146027
1285,-1.2654763,0.6826926
1286,-4.4666533,0.6239019
1287,-3.12762,0.322466
1288,-3.1769805,0.21573222
1289,-2.953079,0.34779567
1290,-3.14392,0.047105845
1291,-2.9892826,2.5466883
1292,-5.3384657,-0.15164423
1293,-1.328995,0.5933745
1294,-3.4746525,0.7209668
1295,-2.0558662,2.7402596
1296,3.5084877,8.859079
1297,0.076033086,6.680229
1298,-5.262755,1.8864249
1299,-2.9900038,0.30430815
1300,-2.9366221,0.23957056
1301,-2.9355903,0.1336386
1302,-3.2935083,1.1423867
1303,-3.1309536,0.87057525
1304,-4.134315,0.7223483
1305,-2.9954426,2.8712792
1306,3.4914422,8.878533
1307,-3.1599572,0.39406836
1308,-2.969099,0.39637917
1309,-2.9422314,0.44064426
1310,-2.995968,0.17852107
1311,3.5225642,8.864198
1312,-2.9194102,0.62693495
1313,-3.017633,0.5652169
1314,-3.177195,0.32124445
1315,-3.1517308,0.24602579
1316,-3.2118948,0.12994589
1317,-0.3911612,6.9024515
1318,-4.592345,0.63125217
1319,-2.7657018,0.33142275
1320,-2.823635,0.31892335
1321,-2.124437,1.7722589
1322,-2.9190695,0.22529264
1323,-3.1264052,2.6061032
1324,1.9007674,9.759587
1325,-3.6360774,0.5219704
1326,-2.9016993,2.4391503
1327,-3.3036318,0.54715216
1328,-5.4859843,0.421834
1329,-2.0577717,2.7602253
1330,0.24027726,6.6300473
1331,-4.3686028,0.37480456
1332,-3.4431937,0.59906405
1333,-2.0572412,2.7220445
1334,-2.9701796,0.34793872
1335,-2.8890326,0.27669233
1336,-2.987335,0.12793545
1337,3.4708743,8.840078
1338,-3.0670862,2.0927634
1339,-3.591288,0.40710586
1340,-3.5174842,0.70429236
1341,-2.9533932,0.11304435
1342,-5.2925076,-0.022026725
1343,-3.0859265,0.47002524
1344,-3.2829452,0.3530299
1345,-3.3367734,0.17909512
1346,-1.9261706,2.8157232
1347,-2.5330725,2.743951
1348,-2.9538338,2.5593724
1349,-2.0410626,2.7712579
1350,2.6952393,9.775666
1351,-3.0012364,2.4809048
1352,-2.0428536,2.7722807
1353,-2.9764872,2.4992654
1354,3.4649723,8.907623
1355,-3.0114167,1.0869901
1356,-3.123662,0.3055288
1357,-3.122114,0.0046109986
1358,-3.1272068,-0.060376175
1359,-3.2268934,-0.2022023
1360,-3.254216,-0.23850515
1361,-3.9160078,2.658646
1362,-1.9924424,2.7642787
1363,-2.7676704,2.7299278
1364,-2.0174284,1.6401305
1365,-3.8836145,2.0378125
1366,-2.6357493,2.2945497
1367,-3.6541338,1.6039795
1368,-2.7217488,2.712562
1369,-3.8433747,2.089929
1370,-1.9728078,2.7801425
1371,0.4031339,6.6000156
1372,-2.0229836,2.7704904
1373,0.4041007,6.5852513
1374,-4.1269665,-0.67017233
1375,-1.9860893,2.741503
1376,-4.183515,-0.63583004
1377,-4.1698337,-0.49180168
1378,-4.356774,-0.5537429
1379,-1.9775417,2.7731943
1380,-4.389182,-0.63493055
1381,-4.259969,-0.5063168
1382,-3.9097838,1.205507
1383,-4.0174055,0.92957085
1384,12.172631,1.980633
1385,0.84318036,6.535566
1386,-6.357596,0.26274312
1387,-6.4609666,0.24372557
1388,-3.5684812,-0.09044572
1389,-3.532085,-0.16131704
1390,-3.5614264,-0.147661
1391,-2.0623853,2.777446
1392,-3.3227034,-0.027456654
1393,-3.2250226,-0.02631992
1394,-3.2967227,-0.14366134
1395,-2.0198607,2.7516663
1396,-1.8742088,2.8540382
1397,0.81029624,6.5403748
1398,-3.3749516,-0.27940804
1399,-3.4179418,-0.15408179
1400,-3.3589122,-0.26641372
1401,-1.962519,2.7986996
1402,-1.9715147,2.7662895
1403,-2.1035717,2.7984705
1404,-1.910391,2.8443646
1405,-4.2031355,-0.6108157
1406,-1.9862467,2.7177331
1407,-4.180127,-0.6027713
1408,-4.179671,-0.49621284
1409,-4.2140346,-0.6317597
1410,-4.237464,-0.6862722
1411,-4.31575,-0.59290665
1412,-2.1737251,2.6471813
1413,-4.5216928,1.4002753
1414,0.84333986,6.512636
1415,-3.3027482,-0.24747288
1416,-3.1614697,0.08098001
1417,-3.2081594,-0.13646978
1418,-3.6345053,-0.15606776
1419,-3.5232837,-0.21136299
1420,-2.9956598,2.2938488
1421,-4.218396,0.21514939
1422,-3.047661,0.54261136
1423,-3.0700817,0.5269985
1424,-3.611224,0.6691627
1425,-2.8361154,2.637686
1426,0.121211104,6.681205
1427,-4.1444163,0.6259339
1428,-4.576268,-0.077135734
1429,-4.5282288,-0.14614527
1430,-3.2692707,0.57528067
1431,-4.3336554,-0.3584885
1432,-2.0232441,2.6934054
1433,-3.15285,1.2678168
1434,-4.7653756,1.0227647
1435,-3.6105158,0.4707202
1436,-4.2226133,0.20537165
1437,-4.127668,-0.17525327
1438,-3.0075316,0.43864053
1439,-3.13234,0.36736465
1440,-3.2390385,0.636103
1441,-2.852842,0.5151341
1442,-4.055953,1.0999624
1443,-4.4598784,1.251561
1444,-4.4892383,1.2501422
1445,-5.8717656,0.5321746
1446,-3.7526364,1.1983476
1447,-5.889577,0.24834955
1448,-6.2180014,0.011263331
1449,-6.160678,0.11557065
1450,-3.0340085,2.378054
1451,-4.2685924,0.47920272
1452,-6.1178646,0.10751939
1453,-5.0165043,-0.27099925
1454,-4.1251893,1.0606776
1455,-4.9460835,-0.08153679
1456,-3.062011,2.7145557
1457,-4.8131995,-0.32484788
1458,-2.7165062,2.655067
1459,3.4619682,8.814631
1460,-3.2746704,0.36352366
1461,-3.401749,0.46811265
1462,-3.3209903,0.14657626
1463,-2.9442604,2.1672716
1464,-2.9182513,2.0788083
1465,-3.2346334,-0.2605705
1466,-3.048296,0.82106686
1467,-3.1831672,0.8493182
1468,-2.8402603,2.4622102
1469,-3.009875,0.91664165
1470,-3.2595992,-0.20650066
1471,0.09517326,6.734149
1472,-3.6414154,2.7936242
1473,-3.7031846,0.35851055
1474,12.9679165,0.6225917
1475,-3.7508802,0.25945425
1476,-3.9500103,0.34797665
1477,-6.2668395,0.2467682
1478,-3.2772596,0.52864516
1479,-6.1621256,0.09978256
1480,-4.490442,1.1837912
1481,-5.304189,0.84913397
1482,-2.8164992,2.336259
1483,-4.7566915,0.34912908
1484,-4.264362,0.4055498
1485,-4.074504,-0.18919653
1486,-4.3062463,0.39387655
1487,-4.2843,0.47605553
1488,-2.6680565,2.532541
1489,-3.8638396,2.096871
1490,-2.7164783,2.786374
1491,-3.9002655,0.09078742
1492,-4.2205687,-0.035966083
1493,-4.2649584,-0.17894323
1494,-4.1156964,0.66030306
1495,-4.0144615,0.7053999
1496,-5.778392,0.4543288
1497,-3.3999655,0.38199306
1498,-3.8489408,0.44815803
1499,-3.2295895,-0.11103914
1500,-3.8321533,0.1136286
1501,-3.9805155,0.04766477
1502,-2.6131597,2.8220198
1503,-4.0966787,-0.108993314
1504,-3.826023,2.0876827
1505,-3.1455607,0.6849377
1506,-5.090062,0.67845875
1507,-3.1001232,2.583444
1508,-4.38074,-0.58471966
1509,-4.059497,-0.0070699607
1510,-4.4140887,-0.48002455
1511,-4.3051953,-0.3868203
1512,-3.8409595,0.122763835
1513,-4.191563,-0.02926291
1514,-4.1341906,-0.22119647
1515,2.6895614,9.462939
1516,-4.299988,0.4575561
1517,-4.002129,0.3418482
1518,-4.0557203,0.24078257
1519,-3.9338124,0.38319647
1520,-3.7620778,0.14639811
1521,-4.0869913,0.43745235
1522,-4.003475,0.523991
1523,-4.1787114,0.023670202
1524,-4.7120566,-0.2099752
1525,-4.6378946,0.2998389
1526,-3.8324387,0.6818952
1527,-4.180667,-0.04970217
1528,-3.6787567,0.7214947
1529,-4.286692,-0.20785975
1530,-4.2406874,0.56381834
1531,-4.1680045,-0.60622644
1532,-4.0174475,0.1557843
1533,-4.1664405,-0.5950312
1534,-4.1271467,-0.34005818
1535,-4.0160236,0.48870516
1536,-3.747538,0.45857546
1537,-4.0317435,0.6838822
1538,-3.9071257,0.43181202
1539,-4.803313,0.9532938
1540,-4.8926377,0.35932058
1541,-2.8975337,2.7998934
1542,-4.981408,1.6901102
1543,-4.2352233,0.010717554
1544,0.9666062,6.491235
1545,-4.176647,0.030298024
1546,-4.1651435,-0.083406515
1547,-2.7150972,2.9537058
1548,-4.22897,0.57374406
1549,-3.9437065,0.2612451
1550,-4.8589396,0.9910863
1551,3.2293584,10.404016
1552,-2.882177,2.672355
1553,2.6969562,8.6153965
1554,-2.5570588,2.6759608
1555,-4.1405563,-0.038241528
1556,-4.0926824,-0.14754969
1557,-4.147663,-0.17236447
1558,-4.271522,0.45964408
1559,-4.2444224,0.5023333
1560,-4.924687,0.7318318
1561,-2.7869544,2.7195904
1562,0.107758716,6.678585
1563,-2.4874122,2.8178744
1564,-2.5513637,2.8072305
1565,-4.968561,1.5975055
1566,-4.9959607,1.6657495
1567,-4.9506884,1.6329398
1568,-4.932987,1.1844459
1569,-2.8237014,0.7049674
1570,-4.113841,-0.029850578
1571,-4.1243725,-0.22374141
1572,-4.275623,0.61527866
1573,-2.762805,2.6886215
1574,-4.9944687,1.6571693
1575,-2.7282145,2.8266647
1576,-4.4806848,1.8135147
1577,-2.7921906,2.8628368
1578,-4.9684753,1.2820423
1579,-4.3605556,-0.12855467
1580,0.87173384,6.518694
1581,-2.8775294,0.66246355
1582,-2.8423815,0.93707925
1583,-2.764072,2.6668053
1584,-2.0047965,1.7182053
1585,-5.6628184,0.94891024
1586,-5.226822,0.46931165
1587,-2.5652184,0.7769044
1588,-2.6141276,2.5479898
1589,3.1986306,10.374192
1590,-3.5069196,1.0571587
1591,-1.4118513,0.46812466
1592,-2.3185365,1.634723
1593,-5.5783563,1.009659
1594,-2.937794,2.8472114
1595,-2.6223364,2.6756432
1596,-4.721122,0.6792898
1597,-1.7161341,1.0175875
1598,-4.7382693,0.66186684
1599,-0.007769962,5.977968
1600,-3.9818296,2.8602037
1601,-2.6383836,0.8093589
1602,-4.812187,0.69009054
1603,-2.763505,0.891894
1604,-2.0034974,1.8879076
1605,0.053725995,6.801013
1606,-2.6769469,2.9084418
1607,0.28674537,6.471851
1608,-2.63999,0.7497607
1609,-4.8871427,2.1482108
1610,-4.743046,0.70305705
1611,-5.201697,-0.36155382
1612,-2.5550063,2.518006
1613,2.5071115,9.512481
1614,-4.7383437,0.6551045
1615,-2.9674006,2.196788
1616,0.90038216,6.508794
1617,0.9073614,6.4651732
1618,-2.2498763,1.7540812
1619,-0.55835766,6.901265
1620,-5.5534554,0.8968973
1621,-1.9475805,1.7346786
1622,-2.6225762,2.966612
1623,-2.673957,2.8963373
1624,-2.0730321,2.632394
1625,-3.0227869,2.606814
1626,2.7646148,9.822812
1627,-4.013697,0.9890815
1628,-0.22688374,6.394124
1629,-0.5532708,6.633232
1630,2.730372,9.824239
1631,-4.6365166,1.2496287
1632,-4.738936,0.6244607
1633,-5.273512,0.5574985
1634,-0.2351313,6.7355876
1635,-4.767874,0.7263253
1636,-3.833295,2.160819
1637,-5.098912,0.3649016
1638,-4.7368636,0.75981206
1639,0.9757346,5.67654
1640,-2.501094,2.8211772
1641,-4.754517,0.61222625
1642,-3.2318244,2.8146093
1643,-4.2357516,2.5001538
1644,-5.0247006,1.1823866
1645,-0.64692366,6.790522
1646,-2.0436585,1.6997455
1647,0.55087215,5.6303267
1648,-0.25851187,6.9808607
1649,-0.16449378,6.8946753
1650,-2.5392864,2.8925579
1651,-3.875205,1.6408995
1652,-3.5169451,2.6379523
1653,2.1081088,9.823692
1654,-0.2648641,6.986527
1655,1.9784982,9.778093
1656,-3.766732,1.5361958
1657,-3.3558402,0.8619935
1658,-5.2085075,0.5034382
1659,-5.2310724,0.5944082
1660,-4.392912,1.9113318
1661,10.847057,-1.4519304
1662,-2.507426,2.925075
1663,-4.0583544,1.1104121
1664,-2.6949275,2.1626627
1665,-3.0615222,2.6405613
1666,-5.4514484,0.48732418
1667,-5.580037,0.86322665
1668,0.8527498,6.5112033
1669,1.9812104,9.8486805
1670,-5.1544437,-0.56392384
1671,-2.9555068,2.6328075
1672,-5.261934,1.495647
1673,-5.2329745,-0.36090994
1674,0.6183626,7.52111
1675,-4.3477964,1.9078981
1676,-5.3452625,0.444068
1677,-4.215444,1.910592
1678,-1.8732876,0.48511946
1679,-0.2413083,6.2763605
1680,0.44838515,5.85771
1681,-5.151528,0.8853503
1682,-2.700526,2.5758893
1683,3.0427554,10.072885
1684,-2.9376626,2.835235
1685,-3.4509046,0.58806854
1686,-5.461888,0.4466953
1687,-2.9839017,2.0495324
1688,-3.7669752,1.2089813
1689,-5.8644953,0.1611455
1690,1.00864,5.6881013
1691,-2.871842,2.5262678
1692,-2.6388834,2.1386673
1693,-2.842984,2.535953
1694,1.9247719,9.795105
1695,-0.24739544,6.7735825
1696,-3.3376412,0.95239973
1697,2.5408397,9.501411
1698,-2.588268,0.7970991
1699,0.7791001,4.6929417
1700,-3.1535218,2.6349635
1701,1.9729015,9.854658
1702,0.34760648,6.4878993
1703,3.0894518,10.164473
1704,-2.726945,2.9745467
1705,-2.9427564,2.5615008
1706,0.7800273,4.7204857
1707,-2.556637,0.7927319
1708,-6.1102133,0.4571446
1709,-2.6084478,2.9891026
1710,0.8113895,4.713979
1711,0.79554534,6.551364
1712,-2.9991632,2.6032438
1713,1.9285357,8.828776
1714,1.0834373,7.968178
1715,0.80192167,4.7029204
1716,-2.6375134,2.4706285
1717,-2.796656,2.253933
1718,-3.179554,2.5276594
1719,3.4135113,8.798696
1720,-0.4904567,6.855186
1721,-3.954503,1.4368598
1722,-3.841617,2.3000002
1723,-3.3437254,2.022412
1724,-2.0404172,1.6539911
1725,0.97064996,6.2871165
1726,-5.146932,0.8407054
1727,0.3129342,7.1277895
1728,-4.480188,1.9520181
1729,-3.4606931,2.4619637
1730,-4.266266,1.1756026
1731,-3.5112026,2.850505
1732,3.4487095,8.891615
1733,-5.1265173,0.917259
1734,-5.3328805,1.8522687
1735,-2.362466,2.9065464
1736,-3.4620285,1.9391968
1737,-4.347921,2.0683088
1738,-3.7103393,1.7219347
1739,0.8066499,4.886457
1740,-3.016861,2.8591297
1741,0.76439345,7.6203365
1742,-5.343494,0.4836901
1743,3.5418358,8.895613
1744,3.3973477,8.835548
1745,-4.5928345,0.7934062
1746,-2.201051,2.3804212
1747,-3.7853773,1.3910325
1748,0.52966547,5.8365693
1749,2.7202601,9.783848
1750,-3.6592433,2.2744093
1751,-5.300921,0.71742797
1752,-4.806981,1.9062023
1753,-0.61416996,6.7882395
1754,-4.8873606,1.8516889
1755,0.945765,6.2087517
1756,-4.964014,2.3892868
1757,-5.5936427,0.50960183
1758,-5.3522444,2.2303102
1759,-3.345809,2.6994472
1760,-2.8582265,2.52386
1761,-5.1641946,0.8221466
1762,0.8591319,6.518174
1763,1.8098192,9.596565
1764,-4.030261,1.2801248
1765,-2.2448545,2.4735303
1766,-5.425827,2.1713872
1767,-5.3903522,2.2024572
1768,-2.916162,2.5915015
1769,1.9235344,9.878406
1770,-4.520674,1.3375255
1771,1.9891711,9.898781
1772,2.5193474,9.752936
1773,-5.405975,2.1407351
1774,-5.4213963,2.1580772
1775,-5.4506617,2.16961
1776,-4.0472503,1.3849523
1777,0.19883896,4.232747
1778,0.9807958,6.193539
1779,3.4602392,8.836413
1780,2.3913162,9.759021
1781,0.66701114,5.3335414
1782,-0.6664625,6.76347
1783,0.84176886,4.5747538
1784,0.2412305,4.275501
1785,0.8916745,6.4955816
1786,-3.3055239,2.5754342
1787,-3.539243,2.88331
1788,1.8954496,9.766415
1789,-3.5734713,1.895324
1790,-3.4568486,1.9848365
1791,0.31736094,5.1837726
1792,-5.0817695,2.565913
1793,-4.6146393,-0.03184301
1794,-5.2762337,0.4603689
1795,-0.060937397,6.6309414
1796,1.9798962,9.871241
1797,-4.779915,1.5500172
1798,3.4986749,8.845228
1799,-2.960306,2.3489633
1800,-2.2706168,2.6868474
1801,2.4969678,9.127921
1802,1.9947226,9.873254
1803,-5.0759153,2.4921558
1804,0.85996765,6.462172
1805,-4.9297915,2.3851125
1806,1.0774527,5.79127
1807,-4.5834312,2.2440135
1808,-5.475404,0.3094287
1809,2.4557788,9.50614
1810,-0.12145034,7.07341
1811,-5.182183,2.3885734
1812,-3.392369,2.5592446
1813,2.004365,9.889678
1814,-5.193743,0.36869517
1815,-5.085429,1.9854304
1816,3.281327,10.478921
1817,1.7966659,9.589226
1818,-4.664982,0.7614164
1819,0.08971068,6.673588
1820,-0.22424725,6.942797
1821,2.5245407,9.543602
1822,2.5211987,9.37852
1823,3.1360862,10.290566
1824,-5.184328,2.154084
1825,-5.0253506,2.1508534
1826,1.988435,9.903472
1827,-5.409905,0.36242902
1828,-0.21260126,6.7813215
1829,-5.1244097,2.2993863
1830,-3.414522,2.3380096
1831,-4.8964677,2.47243
1832,-4.6565785,2.0495353
1833,1.8402654,8.952101
1834,1.9568298,9.819324
1835,0.6678744,4.813692
1836,-4.0654225,1.318389
1837,0.12610391,6.649302
1838,-3.4939077,2.4050393
1839,-4.566904,1.2393124
1840,2.4095395,9.283302
1841,-3.777429,2.807218
1842,1.9712398,9.87292
1843,2.874201,9.9690485
1844,-3.8561602,2.7958815
1845,2.0820124,9.871183
1846,2.869807,9.958809
1847,-3.6437142,2.206015
1848,-0.47287768,6.8855386
1849,-3.8348362,1.4295905
1850,-3.956254,2.6903803
1851,-0.14120163,7.0237427
1852,0.12846002,6.660181
1853,-5.7860274,0.8063319
1854,-2.4900987,2.455688
1855,-0.5273943,6.8875256
1856,-3.0677428,2.2785552
1857,0.07547377,6.7975626
1858,0.04517603,6.7732897
1859,-5.117966,1.0024227
1860,-3.6845531,2.3975937
1861,2.6104312,9.902572
1862,-5.074569,1.0086756
1863,-4.120007,1.0462266
1864,1.955675,9.911166
1865,-3.0155132,2.2889993
1866,-0.42668658,6.837445
1867,-3.2454927,2.0855236
1868,0.9278391,4.590187
1869,0.035838183,6.8268385
1870,0.0992942,6.664302
1871,0.68688273,4.7364674
1872,0.9169899,4.604446
1873,-3.254737,2.4932146
1874,-3.2872968,1.8817574
1875,0.82511467,4.8313303
1876,0.92845446,4.594425
1877,-5.807968,0.7725222
1878,0.9357938,4.58919
1879,3.189224,10.353022
1880,-0.57676506,6.8742094
1881,-2.8783724,2.459256
1882,-0.17340644,6.2499304
1883,0.68492997,4.822705
1884,0.9865157,4.5259705
1885,0.9684462,4.548775
1886,0.90185624,4.629675
1887,3.364165,10.58253
1888,0.2714101,4.3758636
1889,-2.7988338,2.9168007
1890,0.5884509,4.8282547
1891,-0.6034735,6.773421
1892,-3.7663205,2.8676877
1893,-5.7084556,0.61070347
1894,0.96841776,4.5573564
1895,3.1628344,10.3666115
1896,-4.284297,1.5313817
1897,-3.5738108,2.928778
1898,-3.5124424,2.8908682
1899,0.054101337,5.899567
1900,2.7901814,9.91734
1901,2.2068744,9.128928
1902,-6.4152045,0.2688176
1903,-5.395106,1.3276727
1904,0.9021671,4.6168914
1905,3.2523391,10.437922
1906,0.35006574,6.6240563
1907,-3.9686375,2.895351
1908,2.111344,9.814404
1909,0.71152514,6.552628
1910,-5.191652,1.9927615
1911,-2.4075434,1.6574826
1912,-5.3412795,0.5118573
1913,-4.6790605,2.0525603
1914,3.4258606,10.656045
1915,-5.842893,0.58957887
1916,-0.18573464,7.0920076
1917,2.4580784,8.877754
1918,-3.8348548,1.8455368
1919,-2.8623178,2.8420315
1920,2.5321412,9.710837
1921,1.7913626,9.389968
1922,-5.146213,0.6653696
1923,0.9543604,4.5709815
1924,0.9846934,4.5317354
1925,-5.9101434,0.5000303
1926,0.98489404,4.5151024
1927,2.5154877,8.6707735
1928,-3.465388,2.8905563
1929,-5.1703124,-0.42752358
1930,2.6882465,8.646929
1931,-0.35821524,6.739872
1932,-0.4114643,6.945693
1933,0.02618566,6.613364
1934,-3.1652012,2.7723799
1935,3.3729177,10.591651
1936,3.366342,10.585673
1937,-5.3521113,2.1479006
1938,2.7062495,8.647093
1939,1.8852625,8.783302
1940,-4.992888,1.7330832
1941,-3.182786,2.4350936
1942,-4.8762946,1.8956076
1943,-4.2720256,-0.42685348
1944,3.4302428,10.654383
1945,-5.365592,2.089701
1946,-4.0814085,2.2914948
1947,3.230724,10.416283
1948,0.98623204,4.529655
1949,2.0104842,8.777082
1950,0.91858023,4.587426
1951,1.9649807,8.853167
1952,2.8864408,8.709704
1953,-5.226165,2.8053887
1954,-4.458679,2.0672686
1955,0.01634434,5.9589624
1956,-5.2151947,1.9804668
1957,-5.75032,0.5987324
1958,2.0593917,8.805757
1959,-0.38712227,6.81088
1960,2.5840979,9.672102
1961,-4.378697,-0.41356638
1962,0.65486425,7.5668035
1963,1.8253723,8.999941
1964,-3.4012742,2.073457
1965,-3.5839283,2.86466
1966,-4.68047,1.8155668
1967,-5.675413,0.5362959
1968,1.7836155,8.868069
1969,-4.7961726,1.8193326
1970,3.4557738,10.688395
1971,2.1310468,9.074394
1972,1.9945121,9.84931
1973,2.7478888,8.652772
1974,-4.1455092,1.3704613
1975,3.345013,10.564368
1976,-3.6412933,1.8594223
1977,-4.923649,2.873974
1978,-5.246838,1.7712475
1979,1.8055261,8.924475
1980,-5.723479,0.76875967
1981,-5.2049694,1.9813899
1982,1.8231277,8.667412
1983,2.7466557,9.947109
1984,2.7183597,8.617556
1985,2.4515603,8.883903
1986,-4.4638,-0.36169142
1987,-4.4222054,-0.54419017
1988,1.7298396,8.768809
1989,3.300685,10.501791
1990,3.4537997,10.682853
1991,2.0717127,8.790701
1992,0.893937,6.4924755
1993,-3.730781,2.8040378
1994,0.5489669,4.6890583
1995,-4.8642225,0.84192187
1996,-3.3791668,2.029877
1997,1.9371154,8.84707
1998,-3.5152369,2.8932223
1999,2.1230688,8.742441
2000,-3.1049547,2.5285397
2001,-3.7896369,2.8921063
2002,13.71003,-0.14723448
2003,-4.1225166,1.3262001
2004,-3.3297677,2.6354563
2005,0.92076725,5.6930223
2006,-3.5930562,2.6910486
2007,-3.7166665,2.777655
2008,3.4104993,10.638772
2009,0.14296453,4.191463
2010,3.3957913,10.623457
2011,2.71343,8.649574
2012,1.823265,8.8822365
2013,1.7108921,9.018414
2014,-4.600164,1.3145071
2015,-4.555455,-0.49334005
2016,1.8426934,8.860642
2017,-4.3559875,-0.52250475
2018,-3.8100882,-0.038213857
2019,3.4106774,10.636375
2020,-4.165343,1.0914241
2021,-3.535969,2.725062
2022,-3.7010667,2.9006553
2023,1.0889055,5.6944594
2024,1.7191732,8.838478
2025,2.4302688,8.971811
2026,2.4100568,8.984945
2027,-3.7419412,0.4772486
2028,-4.648412,1.2420869
2029,3.418789,10.6409645
2030,3.3377557,10.548811
2031,-3.6313994,-0.17842539
2032,-4.6111956,1.2574717
2033,-4.470495,-0.28956917
2034,-4.8671227,0.85164887
2035,-0.34745958,6.3107667
2036,-4.456798,2.0307083
2037,2.012568,8.731306
2038,1.9219619,8.778497
2039,1.854891,8.821815
2040,1.8222922,8.894143
2041,-3.9727817,0.89798397
2042,-3.962738,2.8484354
2043,-4.8645964,1.8548453
2044,1.7216345,9.066671
2045,1.6770756,9.0698595
2046,0.9696419,6.451489
2047,-4.4590435,-0.30195233
2048,2.4262288,8.964758
2049,2.4975812,8.924755
2050,2.5742319,9.866542
2051,0.051914636,5.936464
2052,-3.8401659,2.956583
2053,3.1749508,10.355946
2054,-5.108051,1.9391156
2055,-4.2431073,1.1964629
2056,1.7939065,8.827053
2057,2.0134413,8.7729
2058,-3.481314,1.9581918
2059,2.1130807,9.805784
2060,-2.6750598,2.8876119
2061,0.6796876,4.999281
2062,1.7504727,8.934487
2063,3.4034715,10.62395
2064,1.7174861,9.122303
2065,0.5042359,4.861285
2066,-4.3309817,0.952076
2067,-4.486162,1.3399762
2068,2.4128284,9.004493
2069,-3.3421254,2.9490864
2070,-0.5423187,6.863231
2071,1.6846476,9.16298
2072,1.9663274,8.739043
2073,-4.8826413,2.1077297
2074,0.6135899,7.526928
2075,3.3065467,10.501262
2076,-5.1954246,2.20536
2077,-5.7951503,0.72478044
2078,-5.494883,0.72591794
2079,-0.59695196,6.850015
2080,1.8778719,8.905518
2081,-4.025603,0.5234275
2082,0.7977057,4.7083807
2083,3.404257,10.630733
2084,2.125385,8.760216
2085,1.6559343,9.041954
2086,1.8964602,8.780104
2087,2.7946827,9.871499
2088,1.0779399,5.6937876
2089,-4.0506735,2.9313715
2090,-3.9442365,0.89615816
2091,-3.2302465,2.640068
2092,-5.4445977,0.46268725
2093,-4.7914233,1.3880157
2094,-5.6070614,0.6707104
2095,3.2568247,10.429304
2096,1.7741661,8.86015
2097,3.360069,10.562797
2098,1.7684234,8.9003525
2099,3.2153363,10.38412
2100,-5.3820233,0.9070009
2101,1.7636232,8.807812
2102,-4.1496506,1.2695571
2103,3.1729674,10.299507
2104,-0.4985925,7.0593524
2105,-3.3092918,2.939
2106,1.6972914,9.169027
2107,3.1540544,10.279945
2108,3.211249,10.360962
2109,-4.448407,0.89042205
2110,1.6828835,9.14068
2111,2.3621712,8.969247
2112,-4.4877467,1.3586231
2113,0.6781397,7.521318
2114,0.093433805,5.8524737
2115,0.8132601,5.6541867
2116,-4.3777356,1.3390471
2117,2.1887205,8.912902
2118,-4.110029,1.0898926
2119,-4.078488,3.0598838
2120,-3.0640948,2.6904266
2121,2.4358315,8.946493
2122,-3.375431,2.9593766
2123,-3.354015,1.9683826
2124,0.63858205,5.699883
2125,-5.233033,2.1476173
2126,-0.60443896,6.9029965
2127,2.8484125,8.769811
2128,0.64103657,7.5400195
2129,-2.245255,2.714804
2130,-0.62764055,6.83123
2131,2.1010835,9.78302
2132,-5.3750877,0.66555345
2133,-3.4330006,1.3015352
2134,-0.22213006,6.2775097
2135,2.3570132,9.007321
2136,2.126154,8.693157
2137,2.5100653,8.881448
2138,-5.0257998,1.9263288
2139,-2.7763302,2.184005
2140,0.6392898,7.538014
2141,0.3972883,5.719493
2142,-4.0056806,0.6037504
2143,-5.874925,0.61044437
2144,0.7138897,7.5989223
2145,1.8084421,8.952812
2146,-0.08542467,6.771534
2147,1.8529102,8.853258
2148,1.8419462,8.688691
2149,-0.24753645,6.2553225
2150,-4.2422647,3.0350986
2151,-3.8147938,1.5813146
2152,-4.5018716,1.4193197
2153,-4.4982896,3.0296345
2154,1.8911195,8.765467
2155,1.7492812,8.98671
2156,-4.575652,0.75530666
2157,-4.010141,2.8402777
2158,-2.3112247,2.3667471
2159,1.8546655,8.884192
2160,-4.1918464,3.0186515
2161,1.9202422,8.803047
2162,-4.764395,3.193695
2163,-4.65128,3.1870825
2164,0.045356177,6.7431073
2165,-3.3255901,2.5361967
2166,2.5997853,9.898259
2167,-3.615957,2.754204
2168,-2.2788537,2.4210505
2169,0.4710871,5.87932
2170,2.415807,9.140501
2171,-4.221361,3.0793872
2172,0.9278877,6.4974575
2173,2.8015676,9.910349
2174,-4.958813,0.7752658
2175,1.7547258,8.899079
2176,-5.053827,1.9772288
2177,1.9845951,8.854988
2178,-4.019017,2.9325492
2179,-5.0429106,1.8580325
2180,-0.07239197,6.94766
2181,0.4031787,4.6279655
2182,-4.1663904,3.0305135
2183,-5.087627,0.9343007
2184,-0.4798107,6.959835
2185,2.390928,8.921567
2186,-0.6151744,7.0229034
2187,2.2536047,8.92399
2188,1.9599886,9.059966
2189,0.888196,6.0125923
2190,-3.5227478,0.32633907
2191,-4.307546,1.1689026
2192,0.1356158,4.2331214
2193,0.37491062,6.3606772
2194,-4.772111,2.5628514
2195,2.1179788,8.818186
2196,-0.03244955,6.736568
2197,-3.4126348,2.5596642
2198,-5.6630144,0.46721905
2199,0.49064934,5.9276676
2200,0.5391585,5.882636
2201,-4.871191,3.276222
2202,-5.0618415,3.1355653
2203,-4.8821583,0.84070414
2204,2.2254086,8.785381
2205,2.4334767,8.89938
2206,2.8321028,9.90675
2207,2.8232667,9.935563
2208,2.454893,8.971205
2209,-3.0851927,2.6689544
2210,0.89955705,6.4735403
2211,-2.2814937,2.4233174
2212,-4.1293283,2.9016204
2213,0.34258968,6.49618
2214,0.46246085,5.766955
2215,2.3769374,8.882252
2216,2.6939783,8.6281595
2217,2.6318138,8.654491
2218,2.2907991,8.816584
2219,0.7174695,7.552543
2220,-5.667662,0.9584914
2221,-2.990044,0.22297151
2222,-4.87571,2.5256011
2223,-5.4006815,0.575366
2224,-5.5824604,1.0068401
2225,0.17491512,6.790554
2226,-4.0234623,2.9426079
2227,-5.0852704,2.9730477
2228,1.8936378,9.807466
2229,-3.8052657,2.8525655
2230,-3.0337377,2.4845243
2231,-3.9551198,2.8673017
2232,-4.6193724,2.6619766
2233,-5.103194,0.9877796
2234,-3.9972544,2.8448122
2235,-3.9171293,2.838908
2236,0.90471864,4.6202917
2237,-5.0774026,3.0155587
2238,1.8079464,8.936448
2239,-4.8689466,1.1012743
2240,-4.1758537,3.0258274
2241,-0.6917423,6.7590833
2242,-4.7581987,1.4322753
2243,-4.778228,3.0432315
2244,-4.459479,3.0447822
2245,-4.8821282,3.1769621
2246,-4.075091,1.2911509
2247,-4.5827837,2.78976
2248,-4.783617,3.0260925
2249,-4.6955123,2.6633575
2250,-4.3443685,2.8490589
2251,-2.1155589,2.595837
2252,-2.3045228,1.983916
2253,-4.3021517,2.9115593
2254,-4.9164653,3.178678
2255,-4.9593134,3.182533
2256,-4.8061514,2.989197
2257,-4.9787445,3.075427
2258,-4.7977138,2.8586268
2259,2.9256268,10.013756
2260,0.7076788,4.767876
2261,-4.8922877,3.1381426
2262,-5.1413183,2.5942936
2263,-3.7375486,2.922153
2264,-3.5890908,1.9270247
2265,1.9833726,9.885065
2266,-4.7676587,2.8772078
2267,-4.0364594,2.9302902
2268,0.63148093,5.654587
2269,-4.8312006,2.973454
2270,-4.116256,3.0025225
2271,-4.2158217,2.821988
2272,-4.353718,1.8021536
2273,0.99321103,5.9952564
2274,-4.9667263,2.245912
2275,-2.8703873,2.157549
2276,-4.9861493,2.7118862
2277,2.5752769,9.871514
2278,-4.476106,2.8202646
2279,-4.583945,1.3380854
2280,-0.46630412,7.0161633
2281,-4.858136,2.828597
2282,1.0846924,5.7212334
2283,-4.927527,-0.6656955
2284,-5.1455107,2.9617336
2285,-5.4912686,0.8443711
2286,0.06080679,6.7081547
2287,-5.0800376,0.9484253
2288,0.9586557,6.141841
2289,-5.059921,3.0985663
2290,-5.049019,0.93768734
2291,-5.097728,0.988332
2292,-5.169344,2.9541233
2293,-5.049761,3.1262388
2294,-5.041384,3.0529997
2295,1.9849427,9.869901
2296,-4.735135,2.966969
2297,1.1236994,5.7078776
2298,-5.0232644,0.96824956
2299,-5.006103,3.043398
2300,-5.2081347,2.9291785
2301,-5.092866,3.0985565
2302,-5.020785,3.0036595
2303,-5.193737,0.857975
2304,2.4591615,9.010654
2305,2.0921822,9.881577
2306,0.07787091,6.988915
2307,-4.990636,1.0918503
2308,0.52451366,5.755787
2309,-4.9592814,3.1587386
2310,-4.980705,3.2348158
2311,-4.5248938,1.398011
2312,-5.0231824,3.1932352
2313,-4.755162,1.3613979
2314,-0.48423448,6.897423
2315,-4.983583,3.0476131
2316,2.0443287,9.70747
2317,-4.629906,1.5366709
2318,-4.3430114,1.3404251
2319,-4.744332,-0.51718074
2320,0.82358545,6.441923
2321,0.05582181,6.7559114
2322,-4.974471,1.1063564
2323,-4.8194113,2.5658998
2324,-4.8262596,1.304945
2325,0.90014625,6.399812
2326,-4.710022,1.4299524
2327,-4.795561,1.3672872
2328,-3.4592571,2.9233754
2329,-5.10974,-0.72050196
2330,-5.1169434,2.5613322
2331,-4.801857,1.3697343
2332,2.3464837,9.759816
2333,-4.7824445,1.3174107
2334,-4.753463,1.2947106
2335,-5.37432,2.2529569
2336,-0.2345242,7.0299644
2337,-4.4814,1.4908364
2338,-5.1105256,2.673636
2339,-5.0683856,1.6119014
2340,-4.7760167,1.3206959
2341,-4.8964176,1.3723755
2342,2.0231302,9.759687
2343,-0.5083076,6.825218
2344,-5.0716066,-0.7804658
2345,-5.074482,-0.77901644
2346,-4.834795,1.3438652
2347,1.9789402,9.036743
2348,-4.6729636,1.3534894
2349,-4.8072433,1.3526821
2350,-0.5952513,6.7394867
2351,-5.0954504,1.1979686
2352,-5.687174,1.0969461
2353,-5.044126,-0.7903775
2354,-5.064473,-0.81135935
2355,-4.7432246,1.2678101
2356,-4.9641576,1.0078909
2357,2.0721052,9.9164715
2358,-0.42307666,6.9109507
2359,-5.044744,-0.8357971
2360,-2.1692784,1.979253
2361,0.7650866,4.7415013
2362,-5.0637608,-0.8271096
2363,-5.692002,1.1000719
2364,0.72630966,4.6697264
2365,-5.6588573,1.1613258
2366,2.1149144,9.803882
2367,-3.1685548,2.7795331
2368,2.3626785,9.820333
2369,-5.536718,0.8440699
2370,-0.46524507,6.8293996
2371,-4.9501233,1.1228108
2372,-5.7282104,1.1208161
2373,-4.6951957,3.1884606
2374,-4.923087,3.2386258
2375,-5.674363,1.0695966
2376,0.99889696,5.855392
2377,0.6271212,5.6496015
2378,-4.9859166,3.1032028
2379,-5.152399,2.981252
2380,-4.857174,2.606011
2381,-0.23937313,7.0558867
2382,-5.2495213,0.91123873
2383,0.61696905,5.649139
2384,0.45606104,4.566809
2385,-5.678973,1.0820507
2386,-5.732338,1.1351198
2387,-4.998948,3.2058003
2388,-2.510394,2.7549946
2389,1.0033442,5.6641545
2390,-5.026018,3.2334173
2391,-4.9751334,3.2636127
2392,-5.0338655,3.0895467
2393,-4.240418,2.775998
2394,0.96979916,5.6982403
2395,-0.25181344,7.089089
2396,-4.8989725,3.2689931
2397,-3.2684033,2.629565
2398,-4.941919,3.2758741
2399,0.8596269,4.647309
2400,3.4803221,8.864308
2401,0.34435833,5.099276
2402,-4.6440444,1.3923581
2403,-5.0749655,2.5498705
2404,0.83746,5.6900487
2405,-5.0245876,3.2341096
2406,0.7302873,5.597731
2407,-5.035243,3.285689
2408,-4.647321,1.355191
2409,-4.9827175,3.3017015
2410,0.99039793,5.673146
2411,0.5316499,5.219068
2412,-4.7418714,1.314995
2413,0.7877426,4.885984
2414,-0.69193166,6.723502
2415,0.66388875,5.6579432
2416,-5.078112,3.1923778
2417,0.8668225,5.387772
2418,-5.094502,-0.78643936
2419,-4.97385,3.223641
2420,-5.046884,-0.82406443
2421,-5.0902762,-0.7647781
2422,-4.9353333,3.0732496
2423,-5.1087465,3.104678
2424,-4.799541,1.367295
2425,-4.7711163,2.8697152
2426,0.70243305,5.780082
2427,0.5605765,5.468621
2428,1.0363677,5.715951
2429,11.53458,-0.34742704
2430,10.299351,-1.0401957
2431,11.62144,-0.8129875
2432,10.380334,-0.6489261
2433,13.012335,2.469048
2434,12.733999,3.2791586
2435,13.008768,-0.80677444
2436,15.16107,0.6486614
2437,11.319559,-1.0568289
2438,15.440359,1.3074588
2439,15.414591,1.100201
2440,9.950925,-1.6025954
2441,11.78084,-0.86535037
2442,10.6843195,-0.36352837
2443,14.647189,0.590961
2444,12.352524,2.7910025
2445,11.71884,-1.2953486
2446,12.468595,2.813602
2447,15.143279,1.8020066
2448,11.441098,-1.2049981
2449,15.179487,1.2081373
2450,12.704135,3.092978
2451,10.726838,-1.3708459
2452,13.012239,1.8552054
2453,11.543334,-1.3762115
2454,11.955446,-2.359958
2455,12.177282,-1.3904345
2456,11.954849,-2.3124316
2457,12.100909,-3.6841204
2458,11.965864,4.1970086
2459,14.055765,4.8837986
2460,14.3600445,-0.31171417
2461,10.286726,-1.6959513
2462,10.26621,-1.7046062
2463,11.260131,-1.3759005
2464,10.642968,-0.31885254
2465,11.86471,4.623467
2466,13.785049,0.59130025
2467,13.503126,3.9682539
2468,11.721192,-0.93116844
2469,15.18412,0.7822991
2470,10.012927,-1.6005279
2471,9.536816,-1.2572308
2472,12.015685,3.0457737
2473,14.907487,0.3933926
2474,12.268301,2.5229826
2475,15.100232,0.57640815
2476,11.718811,2.529362
2477,11.770903,-1.3827736
2478,11.978954,3.064827
2479,11.245444,-1.1630753
2480,11.754086,-0.81061596
2481,11.7900915,4.558733
2482,13.608919,-0.3904012
2483,12.975771,3.3763428
2484,10.261324,0.07504035
2485,12.353599,3.1618962
2486,12.022036,2.8820739
2487,13.173573,3.3817325
2488,12.769033,3.0632863
2489,11.994086,3.0756507
2490,12.121107,3.0660594
2491,10.656223,-0.09473578
2492,15.146713,1.3671466
2493,11.889704,2.7964406
2494,11.999198,2.7959454
2495,11.222026,-1.1580362
2496,15.234258,1.2423179
2497,12.163567,-0.7861038
2498,11.114579,-1.5899396
2499,11.286909,0.53239053
2500,12.199404,-1.2662368
2501,10.488064,-1.7260122
2502,14.423117,0.4691266
2503,13.516862,3.4470446
2504,12.477446,2.0747168
2505,11.268528,0.107668504
2506,14.913887,0.7621338
2507,12.539282,0.14561148
2508,11.199213,-1.7238406
2509,12.815924,1.925529
2510,11.480419,-0.41786644
2511,13.606954,3.5473266
2512,13.42966,0.07850139
2513,12.191063,0.19896689
2514,13.524436,4.0306425
2515,12.8074875,1.9551191
2516,10.944153,-1.9036361
2517,15.272856,0.7922623
2518,12.701164,-1.3219863
2519,11.772285,-0.39734355
2520,11.97438,-0.89566153
2521,10.011022,-1.1619719
2522,0.28131363,4.321369
2523,10.237451,0.21690662
2524,12.352397,2.8004642
2525,14.967243,0.3728123
2526,15.187114,0.6760756
2527,13.494452,-2.273886
2528,2.0908732,8.639714
2529,14.9045315,1.9091158
2530,12.212385,-0.72250366
2531,15.122128,0.57520086
2532,14.869459,0.32237825
2533,11.943781,2.877348
2534,15.224115,1.3315283
2535,10.492836,-0.096832305
2536,15.308118,0.85004306
2537,13.044406,0.6425438
2538,11.2579365,-0.7067407
2539,11.806455,2.7406216
2540,10.794672,-0.27284288
2541,13.354337,3.27377
2542,14.941459,0.23145275
2543,13.201789,2.4282348
2544,15.17722,0.5550062
2545,14.934848,0.21143395
2546,14.840386,0.003273002
2547,12.507003,-1.1757156
2548,11.226397,-1.4340822
2549,13.044117,3.4528804
2550,11.354234,0.46284527
2551,11.253994,0.043037754
2552,13.488306,3.0671036
2553,15.435149,1.4725252
2554,10.418862,-0.96801025
2555,14.331301,-0.29256463
2556,12.495897,2.7426038
2557,11.779148,-0.69395447
2558,13.666865,0.23004915
2559,14.782521,0.019175554
2560,12.305711,-1.25392
2561,10.500601,-1.7452345
2562,12.032301,-0.85640967
2563,11.464959,-0.3950307
2564,13.295982,2.2636151
2565,16.693626,1.0339466
2566,12.2897625,-0.7002467
2567,12.067355,-0.84968936
2568,12.169308,-1.1530808
2569,13.361339,-2.7022216
2570,12.3811655,2.6034172
2571,10.588153,-1.7595056
2572,12.137254,-1.2984917
2573,13.10637,1.9475251
2574,15.468797,1.5454005
2575,10.351613,-0.6877311
2576,13.761323,0.65878284
2577,12.864043,1.5482645
2578,13.432403,0.5267086
2579,13.824577,0.41732866
2580,9.861548,-1.0681792
2581,12.837695,1.3588398
2582,12.044485,2.1050231
2583,11.52991,-2.08007
2584,12.686551,0.22761923
2585,11.568631,-0.7743971
2586,13.320858,2.2765963
2587,13.654424,0.36762196
2588,11.832936,-1.1028763
2589,13.222427,2.123381
2590,12.938979,2.1554275
2591,10.996046,-1.9593743
2592,11.514019,-1.3554769
2593,10.753936,0.25402144
2594,11.065592,-0.22962606
2595,13.066741,2.1259685
2596,11.858304,4.5896506
2597,11.492457,-0.9700573
2598,13.44896,-2.2685442
2599,12.424368,2.7710326
2600,12.003472,-1.688736
2601,10.631041,-0.54603374
2602,11.221013,-0.37501416
2603,11.32729,-0.600348
2604,15.078182,0.40585858
2605,11.430994,-0.8508422
2606,12.861362,1.4846077
2607,13.861791,2.6782064
2608,10.685965,-0.9042407
2609,14.895439,0.13065572
2610,13.407032,3.0181909
2611,12.538706,-0.88682836
2612,9.558162,-1.2185591
2613,12.716122,-0.9072609
2614,13.586475,2.4102802
2615,11.626193,-1.1595955
2616,12.791863,1.9822791
2617,14.966132,0.8095491
2618,9.940206,-1.280033
2619,13.511069,2.9031482
2620,13.504723,-2.3048084
2621,11.922069,2.77504
2622,11.143149,-0.61147666
2623,10.72964,0.20871232
2624,11.070599,-0.6760939
2625,11.952182,2.5752933
2626,13.044767,1.96884
2627,14.611737,0.44807044
2628,13.054416,1.817302
2629,13.018444,0.5334253
2630,13.898877,0.50499386
2631,0.32722262,4.259715
2632,13.22266,2.3054636
2633,10.718773,-1.1128572
2634,11.365204,-1.0149716
2635,15.075524,0.34847373
2636,11.894059,2.8785555
2637,11.831449,2.9212625
2638,15.330026,0.82415974
2639,13.370365,-2.2919068
2640,11.018728,-0.2359307
2641,12.813885,2.2309036
2642,11.581617,-0.6424629
2643,15.217448,1.2639292
2644,13.10253,1.8674508
2645,12.96372,0.5922295
2646,14.361487,-0.29590333
2647,13.3815975,-0.47461012
2648,10.400019,-1.7089018
2649,12.325605,-0.7041838
2650,12.104283,2.1934485
2651,14.691484,0.097993016
2652,13.435811,-2.294003
2653,13.886895,0.6278669
2654,11.582176,-1.2399434
2655,11.457002,-0.9415365
2656,12.743393,1.2408439
2657,12.828611,-0.47642037
2658,14.217975,0.4833586
2659,12.18472,-1.2444104
2660,15.623847,1.1632695
2661,11.839586,2.791356
2662,14.861839,0.0094616795
2663,12.76026,1.250534
2664,12.239731,-1.2862592
2665,11.601374,-1.1582627
2666,10.656952,0.0448916
2667,14.355777,-0.32335988
2668,12.613831,-0.6022619
2669,13.591922,-0.2577917
2670,11.850265,-0.7656612
2671,12.023585,2.2141051
2672,11.488419,-1.2156376
2673,11.429937,-0.9548268
2674,12.742095,1.2429454
2675,12.855476,-0.47189844
2676,14.205741,0.47501087
2677,12.169206,-1.246708
2678,15.570069,1.1999948
2679,11.798832,2.7896328
2680,14.834458,0.023756457
2681,12.755591,1.2496115
2682,12.279834,-1.2699716
2683,11.592171,-1.2059658
2684,10.6643,0.08812114
2685,14.360739,-0.31248298
2686,12.594834,-0.6104425
2687,13.584244,-0.22335069
2688,11.862104,-0.74991035
2689,12.000298,2.2365143
2690,11.912923,-0.96743864
2691,11.386226,0.03252365
